klee_dir_name,function_name,Instructions,FullBranches,PartialBranches,NumBranches,SolverQueries,NumQueryConstructs,CoveredInstructions,UncoveredInstructions,UserTime,Allocations,ExternalCalls,warnings,label
klee-out-0,CWE401_Memory_Leak__strdup_wchar_t_21_bad,0,0,0,525,0,0,0,9354,809184.0,0,0,14,1
klee-out-1,CWE401_Memory_Leak__strdup_wchar_t_21_good,0,0,0,525,0,0,0,9354,1040011.0,0,0,14,0
klee-out-10,CWE690_NULL_Deref_From_Return__fopen_02_bad,0,0,0,553,0,0,0,9733,850719.0,0,0,16,1
klee-out-100,CWE195_Signed_to_Unsigned_Conversion_Error__fscanf_malloc_54a_bad,0,0,0,519,0,0,0,9223,1141026.0,0,0,16,1
klee-out-101,CWE195_Signed_to_Unsigned_Conversion_Error__fscanf_malloc_54a_good,0,0,0,519,0,0,0,9223,1073972.0,0,0,16,0
klee-out-102,CWE190_Integer_Overflow__short_rand_multiply_51a_bad,0,0,0,521,0,0,0,9277,1379871.0,0,0,16,1
klee-out-103,CWE190_Integer_Overflow__short_rand_multiply_51a_good,0,0,0,521,0,0,0,9277,1198558.0,0,0,16,0
klee-out-104,CWE190_Integer_Overflow__char_fscanf_postinc_66a_bad,0,0,0,519,0,0,0,9243,980341.0,0,0,17,1
klee-out-105,CWE190_Integer_Overflow__char_fscanf_postinc_66a_good,0,0,0,519,0,0,0,9243,974760.0,0,0,17,0
klee-out-106,CWE121_Stack_Based_Buffer_Overflow__CWE135_01_bad,0,0,0,521,0,0,0,9323,969574.0,0,0,12,1
klee-out-107,CWE121_Stack_Based_Buffer_Overflow__CWE135_01_good,0,0,0,521,0,0,0,9323,1055469.0,0,0,14,0
klee-out-108,CWE126_Buffer_Overread__CWE129_large_64a_bad,0,0,0,519,0,0,0,9229,1141915.0,0,0,16,1
klee-out-109,CWE126_Buffer_Overread__CWE129_large_64a_good,0,0,0,519,0,0,0,9229,1286601.0,0,0,16,0
klee-out-11,CWE690_NULL_Deref_From_Return__fopen_02_good,0,0,0,553,0,0,0,9733,860989.0,0,0,16,0
klee-out-110,CWE195_Signed_to_Unsigned_Conversion_Error__fgets_strncpy_21_bad,0,0,0,580,0,0,0,10181,1243130.0,0,0,15,1
klee-out-111,CWE195_Signed_to_Unsigned_Conversion_Error__fgets_strncpy_21_good,0,0,0,580,0,0,0,10181,1034985.0,0,0,14,0
klee-out-112,CWE127_Buffer_Underread__char_declare_loop_09_bad,0,0,0,525,0,0,0,9334,1128505.0,0,0,12,1
klee-out-113,CWE127_Buffer_Underread__char_declare_loop_09_good,0,0,0,525,0,0,0,9334,1053504.0,0,0,13,0
klee-out-114,CWE369_Divide_by_Zero__int_rand_modulo_63a_bad,0,0,0,521,0,0,0,9272,980839.0,0,0,16,1
klee-out-115,CWE369_Divide_by_Zero__int_rand_modulo_63a_good,0,0,0,521,0,0,0,9272,953575.0,0,0,16,0
klee-out-116,CWE78_OS_Command_Injection__char_file_system_04_bad,0,0,0,601,0,0,0,10523,1068951.0,0,0,20,1
klee-out-117,CWE78_OS_Command_Injection__char_file_system_04_good,0,0,0,601,0,0,0,10523,1070771.0,0,0,18,0
klee-out-118,CWE191_Integer_Underflow__int_rand_multiply_08_bad,0,0,0,539,0,0,0,9410,977781.0,0,0,13,1
klee-out-119,CWE191_Integer_Underflow__int_rand_multiply_08_good,0,0,0,539,0,0,0,9410,929034.0,0,0,13,0
klee-out-12,CWE121_Stack_Based_Buffer_Overflow__CWE805_int64_t_declare_memcpy_15_bad,0,0,0,519,0,0,0,9265,836694.0,0,0,12,1
klee-out-120,CWE457_Use_of_Uninitialized_Variable__struct_pointer_11_bad,0,0,0,533,0,0,0,9359,1704554.0,0,0,12,1
klee-out-121,CWE457_Use_of_Uninitialized_Variable__struct_pointer_11_good,0,0,0,533,0,0,0,9359,1021084.0,0,0,14,0
klee-out-122,CWE134_Uncontrolled_Format_String__char_environment_fprintf_68a_bad,0,0,0,531,0,0,0,9457,1017102.0,0,0,16,1
klee-out-123,CWE134_Uncontrolled_Format_String__char_environment_fprintf_68a_good,0,0,0,531,0,0,0,9457,938220.0,0,0,16,0
klee-out-124,CWE191_Integer_Underflow__short_min_sub_34_bad,0,0,0,520,0,0,0,9281,1000364.0,0,0,13,1
klee-out-125,CWE191_Integer_Underflow__short_min_sub_34_good,0,0,0,520,0,0,0,9281,951904.0,0,0,13,0
klee-out-126,CWE134_Uncontrolled_Format_String__char_console_vprintf_05_bad,0,0,0,577,0,0,0,10070,1036674.0,0,0,16,1
klee-out-127,CWE134_Uncontrolled_Format_String__char_console_vprintf_05_good,0,0,0,577,0,0,0,10070,1073530.0,0,0,16,0
klee-out-128,CWE190_Integer_Overflow__int64_t_max_add_06_bad,0,0,0,521,0,0,0,9275,942365.0,0,0,13,1
klee-out-129,CWE190_Integer_Overflow__int64_t_max_add_06_good,0,0,0,521,0,0,0,9275,1001338.0,0,0,13,0
klee-out-13,CWE121_Stack_Based_Buffer_Overflow__CWE805_int64_t_declare_memcpy_15_good,0,0,0,519,0,0,0,9265,911366.0,0,0,13,0
klee-out-130,CWE190_Integer_Overflow__short_rand_multiply_01_bad,0,0,0,525,0,0,0,9320,1191521.0,0,0,12,1
klee-out-131,CWE190_Integer_Overflow__short_rand_multiply_01_good,0,0,0,525,0,0,0,9320,1078400.0,0,0,13,0
klee-out-132,CWE126_Buffer_Overread__CWE170_wchar_t_strncpy_06_bad,0,0,0,522,0,0,0,9315,1233223.0,0,0,12,1
klee-out-133,CWE126_Buffer_Overread__CWE170_wchar_t_strncpy_06_good,0,0,0,522,0,0,0,9315,1079789.0,0,0,13,0
klee-out-134,CWE190_Integer_Overflow__int64_t_max_add_42_bad,0,0,0,520,0,0,0,9268,971912.0,0,0,13,1
klee-out-135,CWE190_Integer_Overflow__int64_t_max_add_42_good,0,0,0,520,0,0,0,9268,1355695.0,0,0,13,0
klee-out-136,CWE124_Buffer_Underwrite__wchar_t_alloca_memcpy_07_bad,0,0,0,523,0,0,0,9338,1146284.0,0,0,12,1
klee-out-137,CWE124_Buffer_Underwrite__wchar_t_alloca_memcpy_07_good,0,0,0,523,0,0,0,9338,1210375.0,0,0,13,0
klee-out-138,CWE124_Buffer_Underwrite__malloc_char_loop_06_bad,0,0,0,525,0,0,0,9347,1144180.0,0,0,13,1
klee-out-139,CWE124_Buffer_Underwrite__malloc_char_loop_06_good,0,0,0,525,0,0,0,9347,1369115.0,0,0,14,0
klee-out-14,CWE197_Numeric_Truncation_Error__int_rand_to_char_41_bad,0,0,0,520,0,0,0,9263,919522.0,0,0,13,1
klee-out-140,CWE195_Signed_to_Unsigned_Conversion_Error__negative_memmove_41_bad,0,0,0,524,0,0,0,9331,1119331.0,0,0,12,1
klee-out-141,CWE195_Signed_to_Unsigned_Conversion_Error__negative_memmove_41_good,0,0,0,524,0,0,0,9331,972404.0,0,0,13,0
klee-out-142,CWE369_Divide_by_Zero__float_zero_67a_bad,0,0,0,519,0,0,0,9244,966413.0,0,0,16,1
klee-out-143,CWE369_Divide_by_Zero__float_zero_67a_good,0,0,0,519,0,0,0,9244,1160080.0,0,0,16,0
klee-out-144,CWE457_Use_of_Uninitialized_Variable__int_array_alloca_no_init_14_bad,0,0,0,538,0,0,0,9435,1043958.0,0,0,13,1
klee-out-145,CWE457_Use_of_Uninitialized_Variable__int_array_alloca_no_init_14_good,0,0,0,538,0,0,0,9435,1009161.0,0,0,13,0
klee-out-146,CWE190_Integer_Overflow__int64_t_rand_postinc_10_bad,0,0,0,534,0,0,0,9464,981245.0,0,0,13,1
klee-out-147,CWE190_Integer_Overflow__int64_t_rand_postinc_10_good,0,0,0,534,0,0,0,9464,1037897.0,0,0,13,0
klee-out-148,CWE122_Heap_Based_Buffer_Overflow__c_CWE805_struct_loop_12_bad,0,0,0,529,0,0,0,9344,1003712.0,0,0,13,1
klee-out-149,CWE122_Heap_Based_Buffer_Overflow__c_CWE805_struct_loop_12_good,0,0,0,529,0,0,0,9344,1023578.0,0,0,14,0
klee-out-15,CWE197_Numeric_Truncation_Error__int_rand_to_char_41_good,0,0,0,520,0,0,0,9263,932337.0,0,0,13,0
klee-out-150,CWE121_Stack_Based_Buffer_Overflow__CWE806_char_alloca_memcpy_14_bad,0,0,0,522,0,0,0,9300,1084221.0,0,0,12,1
klee-out-151,CWE121_Stack_Based_Buffer_Overflow__CWE806_char_alloca_memcpy_14_good,0,0,0,522,0,0,0,9300,1098280.0,0,0,13,0
klee-out-152,CWE121_Stack_Based_Buffer_Overflow__CWE193_wchar_t_declare_memcpy_66a_bad,0,0,0,519,0,0,0,9240,1994973.0,0,0,15,1
klee-out-153,CWE121_Stack_Based_Buffer_Overflow__CWE193_wchar_t_declare_memcpy_66a_good,0,0,0,519,0,0,0,9240,1667119.0,0,0,15,0
klee-out-154,CWE122_Heap_Based_Buffer_Overflow__CWE131_memcpy_66a_bad,0,0,0,521,0,0,0,9242,1338678.0,0,0,16,1
klee-out-155,CWE122_Heap_Based_Buffer_Overflow__CWE131_memcpy_66a_good,0,0,0,521,0,0,0,9242,1038063.0,0,0,16,0
klee-out-156,CWE78_OS_Command_Injection__wchar_t_file_system_51a_bad,0,0,0,584,0,0,0,10296,1042675.0,0,0,19,1
klee-out-157,CWE78_OS_Command_Injection__wchar_t_file_system_51a_good,0,0,0,584,0,0,0,10296,996969.0,0,0,17,0
klee-out-158,CWE190_Integer_Overflow__int_fscanf_postinc_52a_bad,0,0,0,519,0,0,0,9231,1046893.0,0,0,17,1
klee-out-159,CWE190_Integer_Overflow__int_fscanf_postinc_52a_good,0,0,0,519,0,0,0,9231,1023331.0,0,0,17,0
klee-out-16,CWE121_Stack_Based_Buffer_Overflow__CWE806_wchar_t_declare_snprintf_04_bad,0,0,0,524,0,0,0,9424,918938.0,0,0,13,1
klee-out-160,CWE122_Heap_Based_Buffer_Overflow__c_dest_char_cpy_07_bad,0,0,0,526,0,0,0,9322,989821.0,0,0,13,1
klee-out-161,CWE122_Heap_Based_Buffer_Overflow__c_dest_char_cpy_07_good,0,0,0,526,0,0,0,9322,942907.0,0,0,14,0
klee-out-162,CWE190_Integer_Overflow__int64_t_max_multiply_04_bad,0,0,0,526,0,0,0,9295,1067226.0,0,0,13,1
klee-out-163,CWE190_Integer_Overflow__int64_t_max_multiply_04_good,0,0,0,526,0,0,0,9295,1041220.0,0,0,13,0
klee-out-164,CWE134_Uncontrolled_Format_String__char_console_snprintf_54a_bad,0,0,0,563,0,0,0,9890,1041775.0,0,0,19,1
klee-out-165,CWE134_Uncontrolled_Format_String__char_console_snprintf_54a_good,0,0,0,563,0,0,0,9890,958990.0,0,0,17,0
klee-out-166,CWE194_Unexpected_Sign_Extension__rand_memmove_53a_bad,0,0,0,520,0,0,0,9246,861992.0,0,0,15,1
klee-out-167,CWE194_Unexpected_Sign_Extension__rand_memmove_53a_good,0,0,0,520,0,0,0,9246,944840.0,0,0,15,0
klee-out-168,CWE122_Heap_Based_Buffer_Overflow__char_type_overrun_memcpy_13_bad,0,0,0,525,0,0,0,9330,897432.0,0,0,14,1
klee-out-169,CWE122_Heap_Based_Buffer_Overflow__char_type_overrun_memcpy_13_good,0,0,0,525,0,0,0,9330,1045133.0,0,0,14,0
klee-out-17,CWE121_Stack_Based_Buffer_Overflow__CWE806_wchar_t_declare_snprintf_04_good,0,0,0,524,0,0,0,9424,953876.0,0,0,13,0
klee-out-170,CWE127_Buffer_Underread__wchar_t_alloca_memcpy_13_bad,0,0,0,523,0,0,0,9335,1018385.0,0,0,12,1
klee-out-171,CWE127_Buffer_Underread__wchar_t_alloca_memcpy_13_good,0,0,0,523,0,0,0,9335,876249.0,0,0,13,0
klee-out-172,CWE124_Buffer_Underwrite__char_alloca_loop_32_bad,0,0,0,521,0,0,0,9321,968386.0,0,0,12,1
klee-out-173,CWE124_Buffer_Underwrite__char_alloca_loop_32_good,0,0,0,521,0,0,0,9321,871847.0,0,0,13,0
klee-out-174,CWE127_Buffer_Underread__char_alloca_loop_11_bad,0,0,0,525,0,0,0,9343,960671.0,0,0,12,1
klee-out-175,CWE127_Buffer_Underread__char_alloca_loop_11_good,0,0,0,525,0,0,0,9343,954306.0,0,0,13,0
klee-out-176,CWE122_Heap_Based_Buffer_Overflow__c_CWE805_struct_memcpy_52a_bad,0,0,0,521,0,0,0,9234,882736.0,0,0,16,1
klee-out-177,CWE122_Heap_Based_Buffer_Overflow__c_CWE805_struct_memcpy_52a_good,0,0,0,521,0,0,0,9234,952203.0,0,0,16,0
klee-out-178,CWE457_Use_of_Uninitialized_Variable__struct_array_declare_partial_init_10_bad,0,0,0,541,0,0,0,9582,887975.0,0,0,13,1
klee-out-179,CWE457_Use_of_Uninitialized_Variable__struct_array_declare_partial_init_10_good,0,0,0,541,0,0,0,9582,916231.0,0,0,13,0
klee-out-18,CWE190_Integer_Overflow__short_max_add_67a_bad,0,0,0,519,0,0,0,9244,971254.0,0,0,16,1
klee-out-180,CWE134_Uncontrolled_Format_String__char_file_vfprintf_31_bad,0,0,0,670,0,0,0,11482,992659.0,0,0,16,1
klee-out-181,CWE134_Uncontrolled_Format_String__char_file_vfprintf_31_good,0,0,0,670,0,0,0,11482,1010447.0,0,0,17,0
klee-out-182,CWE190_Integer_Overflow__short_rand_multiply_32_bad,0,0,0,525,0,0,0,9365,952383.0,0,0,12,1
klee-out-183,CWE190_Integer_Overflow__short_rand_multiply_32_good,0,0,0,525,0,0,0,9365,961492.0,0,0,13,0
klee-out-184,CWE457_Use_of_Uninitialized_Variable__int_array_declare_partial_init_05_bad,0,0,0,541,0,0,0,9486,944081.0,0,0,13,1
klee-out-185,CWE457_Use_of_Uninitialized_Variable__int_array_declare_partial_init_05_good,0,0,0,541,0,0,0,9486,1008217.0,0,0,13,0
klee-out-186,CWE78_OS_Command_Injection__char_environment_popen_11_bad,0,0,0,592,0,0,0,10348,878030.0,0,0,25,1
klee-out-187,CWE78_OS_Command_Injection__char_environment_popen_11_good,0,0,0,592,0,0,0,10348,1008376.0,0,0,25,0
klee-out-188,CWE121_Stack_Based_Buffer_Overflow__CWE806_wchar_t_alloca_ncat_51a_bad,0,0,0,520,0,0,0,9268,1201258.0,0,0,15,1
klee-out-189,CWE121_Stack_Based_Buffer_Overflow__CWE806_wchar_t_alloca_ncat_51a_good,0,0,0,520,0,0,0,9268,986309.0,0,0,15,0
klee-out-19,CWE190_Integer_Overflow__short_max_add_67a_good,0,0,0,519,0,0,0,9244,912724.0,0,0,16,0
klee-out-190,CWE121_Stack_Based_Buffer_Overflow__CWE806_wchar_t_alloca_memmove_67a_bad,0,0,0,520,0,0,0,9278,982083.0,0,0,15,1
klee-out-191,CWE121_Stack_Based_Buffer_Overflow__CWE806_wchar_t_alloca_memmove_67a_good,0,0,0,520,0,0,0,9278,1033085.0,0,0,15,0
klee-out-192,CWE194_Unexpected_Sign_Extension__rand_memmove_14_bad,0,0,0,529,0,0,0,9390,943705.0,0,0,12,1
klee-out-193,CWE194_Unexpected_Sign_Extension__rand_memmove_14_good,0,0,0,529,0,0,0,9390,982989.0,0,0,13,0
klee-out-194,CWE415_Double_Free__malloc_free_struct_06_bad,0,0,0,524,0,0,0,9281,974646.0,0,0,13,1
klee-out-195,CWE415_Double_Free__malloc_free_struct_06_good,0,0,0,524,0,0,0,9281,894597.0,0,0,13,0
klee-out-196,CWE134_Uncontrolled_Format_String__wchar_t_console_vprintf_02_bad,0,0,0,560,0,0,0,9990,950539.0,0,0,15,1
klee-out-197,CWE134_Uncontrolled_Format_String__wchar_t_console_vprintf_02_good,0,0,0,560,0,0,0,9990,1011823.0,0,0,16,0
klee-out-198,CWE191_Integer_Underflow__int_fscanf_sub_53a_bad,0,0,0,519,0,0,0,9231,929952.0,0,0,17,1
klee-out-199,CWE191_Integer_Underflow__int_fscanf_sub_53a_good,0,0,0,519,0,0,0,9231,973148.0,0,0,17,0
klee-out-2,CWE127_Buffer_Underread__CWE839_fgets_64a_bad,0,0,0,573,0,0,0,10056,935286.0,0,0,19,1
klee-out-20,CWE191_Integer_Underflow__char_rand_sub_02_bad,0,0,0,524,0,0,0,9359,920992.0,0,0,13,1
klee-out-200,CWE195_Signed_to_Unsigned_Conversion_Error__negative_memmove_68a_bad,0,0,0,519,0,0,0,9224,927311.0,0,0,15,1
klee-out-201,CWE195_Signed_to_Unsigned_Conversion_Error__negative_memmove_68a_good,0,0,0,519,0,0,0,9224,967255.0,0,0,15,0
klee-out-202,CWE127_Buffer_Underread__char_alloca_memmove_15_bad,0,0,0,522,0,0,0,9341,994090.0,0,0,12,1
klee-out-203,CWE127_Buffer_Underread__char_alloca_memmove_15_good,0,0,0,522,0,0,0,9341,908491.0,0,0,13,0
klee-out-204,CWE126_Buffer_Overread__char_declare_memmove_08_bad,0,0,0,525,0,0,0,9371,994338.0,0,0,12,1
klee-out-205,CWE126_Buffer_Overread__char_declare_memmove_08_good,0,0,0,525,0,0,0,9371,957318.0,0,0,13,0
klee-out-206,CWE121_Stack_Based_Buffer_Overflow__CWE805_char_declare_loop_10_bad,0,0,0,525,0,0,0,9336,864718.0,0,0,12,1
klee-out-207,CWE121_Stack_Based_Buffer_Overflow__CWE805_char_declare_loop_10_good,0,0,0,525,0,0,0,9336,843181.0,0,0,13,0
klee-out-208,CWE190_Integer_Overflow__int_rand_postinc_03_bad,0,0,0,524,0,0,0,9354,956126.0,0,0,13,1
klee-out-209,CWE190_Integer_Overflow__int_rand_postinc_03_good,0,0,0,524,0,0,0,9354,1187618.0,0,0,13,0
klee-out-21,CWE191_Integer_Underflow__char_rand_sub_02_good,0,0,0,524,0,0,0,9359,881941.0,0,0,13,0
klee-out-210,CWE121_Stack_Based_Buffer_Overflow__dest_wchar_t_declare_cat_11_bad,0,0,0,525,0,0,0,9345,964210.0,0,0,12,1
klee-out-211,CWE121_Stack_Based_Buffer_Overflow__dest_wchar_t_declare_cat_11_good,0,0,0,525,0,0,0,9345,998788.0,0,0,13,0
klee-out-212,CWE134_Uncontrolled_Format_String__wchar_t_environment_printf_31_bad,0,0,0,531,0,0,0,9472,1070466.0,0,0,12,1
klee-out-213,CWE134_Uncontrolled_Format_String__wchar_t_environment_printf_31_good,0,0,0,531,0,0,0,9472,928020.0,0,0,13,0
klee-out-214,CWE194_Unexpected_Sign_Extension__rand_strncpy_63a_bad,0,0,0,520,0,0,0,9244,898329.0,0,0,15,1
klee-out-215,CWE194_Unexpected_Sign_Extension__rand_strncpy_63a_good,0,0,0,520,0,0,0,9244,1229366.0,0,0,15,0
klee-out-216,CWE191_Integer_Underflow__unsigned_int_rand_postdec_16_bad,0,0,0,522,0,0,0,9311,977569.0,0,0,13,1
klee-out-217,CWE191_Integer_Underflow__unsigned_int_rand_postdec_16_good,0,0,0,522,0,0,0,9311,1046752.0,0,0,13,0
klee-out-218,CWE126_Buffer_Overread__char_declare_loop_10_bad,0,0,0,525,0,0,0,9363,1357693.0,0,0,12,1
klee-out-219,CWE126_Buffer_Overread__char_declare_loop_10_good,0,0,0,525,0,0,0,9363,926866.0,0,0,13,0
klee-out-22,CWE195_Signed_to_Unsigned_Conversion_Error__fscanf_memmove_01_bad,0,0,0,524,0,0,0,9322,886675.0,0,0,14,1
klee-out-220,CWE191_Integer_Underflow__short_fscanf_multiply_41_bad,0,0,0,523,0,0,0,9289,997598.0,0,0,14,1
klee-out-221,CWE191_Integer_Underflow__short_fscanf_multiply_41_good,0,0,0,523,0,0,0,9289,1767972.0,0,0,14,0
klee-out-222,CWE194_Unexpected_Sign_Extension__rand_memmove_10_bad,0,0,0,529,0,0,0,9390,1220815.0,0,0,12,1
klee-out-223,CWE194_Unexpected_Sign_Extension__rand_memmove_10_good,0,0,0,529,0,0,0,9390,960395.0,0,0,13,0
klee-out-224,CWE190_Integer_Overflow__int_rand_preinc_21_bad,0,0,0,528,0,0,0,9383,982090.0,0,0,13,1
klee-out-225,CWE190_Integer_Overflow__int_rand_preinc_21_good,0,0,0,528,0,0,0,9383,1162897.0,0,0,13,0
klee-out-226,CWE121_Stack_Based_Buffer_Overflow__CWE135_52a_bad,0,0,0,519,0,0,0,9229,922223.0,0,0,16,1
klee-out-227,CWE121_Stack_Based_Buffer_Overflow__CWE135_52a_good,0,0,0,519,0,0,0,9229,944072.0,0,0,16,0
klee-out-228,CWE401_Memory_Leak__int64_t_calloc_22a_bad,0,0,0,522,0,0,0,9288,983347.0,0,0,19,1
klee-out-229,CWE401_Memory_Leak__int64_t_calloc_22a_good,0,0,0,522,0,0,0,9288,889361.0,0,0,19,0
klee-out-23,CWE195_Signed_to_Unsigned_Conversion_Error__fscanf_memmove_01_good,0,0,0,524,0,0,0,9322,876299.0,0,0,14,0
klee-out-230,CWE190_Integer_Overflow__int_max_multiply_02_bad,0,0,0,526,0,0,0,9295,923392.0,0,0,13,1
klee-out-231,CWE190_Integer_Overflow__int_max_multiply_02_good,0,0,0,526,0,0,0,9295,983384.0,0,0,13,0
klee-out-232,CWE590_Free_Memory_Not_on_Heap__free_char_declare_06_bad,0,0,0,521,0,0,0,9269,1269031.0,0,0,13,1
klee-out-233,CWE590_Free_Memory_Not_on_Heap__free_char_declare_06_good,0,0,0,521,0,0,0,9269,998682.0,0,0,14,0
klee-out-234,CWE121_Stack_Based_Buffer_Overflow__CWE805_wchar_t_alloca_loop_09_bad,0,0,0,526,0,0,0,9382,762821.0,0,0,12,1
klee-out-235,CWE121_Stack_Based_Buffer_Overflow__CWE805_wchar_t_alloca_loop_09_good,0,0,0,526,0,0,0,9382,728670.0,0,0,13,0
klee-out-236,CWE121_Stack_Based_Buffer_Overflow__CWE805_int64_t_declare_memmove_16_bad,0,0,0,522,0,0,0,9307,692289.0,0,0,12,1
klee-out-237,CWE121_Stack_Based_Buffer_Overflow__CWE805_int64_t_declare_memmove_16_good,0,0,0,522,0,0,0,9307,736955.0,0,0,13,0
klee-out-238,CWE121_Stack_Based_Buffer_Overflow__CWE805_char_declare_ncat_11_bad,0,0,0,525,0,0,0,9332,639654.0,0,0,12,1
klee-out-239,CWE121_Stack_Based_Buffer_Overflow__CWE805_char_declare_ncat_11_good,0,0,0,525,0,0,0,9332,734351.0,0,0,13,0
klee-out-24,CWE121_Stack_Based_Buffer_Overflow__CWE805_char_declare_snprintf_04_bad,0,0,0,607,0,0,0,10542,902085.0,0,0,12,1
klee-out-240,CWE134_Uncontrolled_Format_String__wchar_t_environment_snprintf_64a_bad,0,0,0,531,0,0,0,9454,825531.0,0,0,16,1
klee-out-241,CWE134_Uncontrolled_Format_String__wchar_t_environment_snprintf_64a_good,0,0,0,531,0,0,0,9454,1013668.0,0,0,16,0
klee-out-242,CWE122_Heap_Based_Buffer_Overflow__c_CWE806_char_loop_64a_bad,0,0,0,521,0,0,0,9240,1027177.0,0,0,16,1
klee-out-243,CWE122_Heap_Based_Buffer_Overflow__c_CWE806_char_loop_64a_good,0,0,0,521,0,0,0,9240,841908.0,0,0,16,0
klee-out-244,CWE122_Heap_Based_Buffer_Overflow__c_CWE805_wchar_t_ncat_41_bad,0,0,0,525,0,0,0,9349,980230.0,0,0,13,1
klee-out-245,CWE122_Heap_Based_Buffer_Overflow__c_CWE805_wchar_t_ncat_41_good,0,0,0,525,0,0,0,9349,963516.0,0,0,14,0
klee-out-246,CWE590_Free_Memory_Not_on_Heap__free_int_static_32_bad,0,0,0,522,0,0,0,9301,886696.0,0,0,13,1
klee-out-247,CWE590_Free_Memory_Not_on_Heap__free_int_static_32_good,0,0,0,522,0,0,0,9301,912510.0,0,0,14,0
klee-out-248,CWE590_Free_Memory_Not_on_Heap__free_struct_declare_52a_bad,0,0,0,522,0,0,0,9274,1060146.0,0,0,15,1
klee-out-249,CWE590_Free_Memory_Not_on_Heap__free_struct_declare_52a_good,0,0,0,522,0,0,0,9274,974730.0,0,0,16,0
klee-out-25,CWE121_Stack_Based_Buffer_Overflow__CWE805_char_declare_snprintf_04_good,0,0,0,607,0,0,0,10542,915832.0,0,0,13,0
klee-out-250,CWE191_Integer_Underflow__char_rand_multiply_41_bad,0,0,0,525,0,0,0,9332,1128077.0,0,0,12,1
klee-out-251,CWE191_Integer_Underflow__char_rand_multiply_41_good,0,0,0,525,0,0,0,9332,1034359.0,0,0,13,0
klee-out-252,CWE121_Stack_Based_Buffer_Overflow__CWE805_wchar_t_alloca_loop_13_bad,0,0,0,526,0,0,0,9382,900658.0,0,0,12,1
klee-out-253,CWE121_Stack_Based_Buffer_Overflow__CWE805_wchar_t_alloca_loop_13_good,0,0,0,526,0,0,0,9382,854733.0,0,0,13,0
klee-out-254,CWE121_Stack_Based_Buffer_Overflow__CWE805_int64_t_alloca_memmove_05_bad,0,0,0,525,0,0,0,9354,1036131.0,0,0,12,1
klee-out-255,CWE121_Stack_Based_Buffer_Overflow__CWE805_int64_t_alloca_memmove_05_good,0,0,0,525,0,0,0,9354,1362103.0,0,0,13,0
klee-out-256,CWE590_Free_Memory_Not_on_Heap__free_char_alloca_03_bad,0,0,0,521,0,0,0,9272,893225.0,0,0,13,1
klee-out-257,CWE590_Free_Memory_Not_on_Heap__free_char_alloca_03_good,0,0,0,521,0,0,0,9272,908432.0,0,0,14,0
klee-out-258,CWE190_Integer_Overflow__char_max_multiply_32_bad,0,0,0,523,0,0,0,9314,1365901.0,0,0,13,1
klee-out-259,CWE190_Integer_Overflow__char_max_multiply_32_good,0,0,0,523,0,0,0,9314,1747924.0,0,0,13,0
klee-out-26,CWE121_Stack_Based_Buffer_Overflow__CWE805_wchar_t_declare_ncpy_31,0,0,0,522,0,0,0,9333,505646.0,0,0,13,-1
klee-out-27,CWE191_Integer_Underflow__int_listen_socket_postdec_10,0,0,0,579,0,0,0,10338,493612.0,0,0,16,-1
klee-out-28,CWE126_Buffer_Overread__wchar_t_declare_memmove_31,0,0,0,523,0,0,0,9372,533339.0,0,0,13,-1
klee-out-29,CWE126_Buffer_Overread__wchar_t_declare_loop_45,0,0,0,522,0,0,0,9347,410971.0,0,0,13,-1
klee-out-3,CWE127_Buffer_Underread__CWE839_fgets_64a_good,0,0,0,573,0,0,0,10056,841337.0,0,0,17,0
klee-out-30,CWE190_Integer_Overflow__char_rand_square_53a,0,0,0,521,0,0,0,9280,398183.0,0,0,19,-1
klee-out-31,CWE122_Heap_Based_Buffer_Overflow__c_CWE806_wchar_t_ncat_34,0,0,0,525,0,0,0,9364,391126.0,0,0,14,-1
klee-out-32,CWE369_Divide_by_Zero__float_listenSocket_21,0,0,0,589,0,0,0,10561,418351.0,0,0,16,-1
klee-out-33,CWE121_Stack_Based_Buffer_Overflow__CWE805_int_alloca_memmove_67a,0,0,0,519,0,0,0,9251,504897.0,0,0,18,-1
klee-out-34,CWE127_Buffer_Underread__char_alloca_memcpy_67a,0,0,0,519,0,0,0,9252,453719.0,0,0,18,-1
klee-out-35,CWE122_Heap_Based_Buffer_Overflow__c_CWE805_wchar_t_memcpy_15,0,0,0,523,0,0,0,9335,404596.0,0,0,14,-1
klee-out-36,CWE369_Divide_by_Zero__int_rand_modulo_22b,0,0,0,525,0,0,0,9273,422755.0,0,0,16,-1
klee-out-37,CWE126_Buffer_Overread__malloc_char_memmove_16,0,0,0,524,0,0,0,9336,414770.0,0,0,14,-1
klee-out-38,CWE191_Integer_Underflow__int_connect_socket_postdec_04,0,0,0,569,0,0,0,10265,424493.0,0,0,16,-1
klee-out-39,CWE191_Integer_Underflow__char_rand_predec_18,0,0,0,522,0,0,0,9311,418886.0,0,0,13,-1
klee-out-4,CWE190_Integer_Overflow__unsigned_int_fscanf_square_09_bad,0,0,0,532,0,0,0,9352,686322.0,0,0,15,1
klee-out-40,CWE126_Buffer_Overread__wchar_t_alloca_memmove_32,0,0,0,523,0,0,0,9406,491206.0,0,0,13,-1
klee-out-41,CWE401_Memory_Leak__int64_t_calloc_63a,0,0,0,521,0,0,0,9264,427378.0,0,0,19,-1
klee-out-42,CWE127_Buffer_Underread__wchar_t_alloca_ncpy_53c,0,0,0,519,0,0,0,9221,425156.0,0,0,18,-1
klee-out-43,CWE121_Stack_Based_Buffer_Overflow__CWE806_char_declare_ncat_52b,0,0,0,519,0,0,0,9221,447947.0,0,0,18,-1
klee-out-44,CWE122_Heap_Based_Buffer_Overflow__c_src_wchar_t_cat_41,0,0,0,524,0,0,0,9336,407804.0,0,0,14,-1
klee-out-45,CWE122_Heap_Based_Buffer_Overflow__c_CWE805_wchar_t_loop_03,0,0,0,526,0,0,0,9374,453490.0,0,0,14,-1
klee-out-46,CWE122_Heap_Based_Buffer_Overflow__c_CWE129_rand_44,0,0,0,534,0,0,0,9461,433186.0,0,0,14,-1
klee-out-47,CWE190_Integer_Overflow__int64_t_fscanf_multiply_64b,0,0,0,523,0,0,0,9280,399089.0,0,0,16,-1
klee-out-48,CWE121_Stack_Based_Buffer_Overflow__CWE193_wchar_t_declare_memmove_52c,0,0,0,522,0,0,0,9302,404942.0,0,0,16,-1
klee-out-49,CWE190_Integer_Overflow__unsigned_int_fscanf_multiply_54d,0,0,0,519,0,0,0,9226,404451.0,0,0,19,-1
klee-out-5,CWE190_Integer_Overflow__unsigned_int_fscanf_square_09_good,0,0,0,532,0,0,0,9352,827440.0,0,0,15,0
klee-out-50,CWE369_Divide_by_Zero__int_fscanf_modulo_64a,0,0,0,519,0,0,0,9234,421792.0,0,0,20,-1
klee-out-51,CWE190_Integer_Overflow__char_fscanf_add_41,0,0,0,520,0,0,0,9274,461435.0,0,0,15,-1
klee-out-52,CWE401_Memory_Leak__int64_t_malloc_07,0,0,0,532,0,0,0,9343,441482.0,0,0,14,-1
klee-out-53,CWE457_Use_of_Uninitialized_Variable__struct_array_alloca_partial_init_13_bad,0,0,0,541,0,0,0,9582,517611.0,0,0,13,1
klee-out-54,CWE457_Use_of_Uninitialized_Variable__struct_array_alloca_partial_init_13_good,0,0,0,541,0,0,0,9582,517960.0,0,0,13,0
klee-out-55,CWE121_Stack_Based_Buffer_Overflow__CWE193_wchar_t_alloca_loop_53a_bad,0,0,0,519,0,0,0,9244,511723.0,0,0,15,1
klee-out-56,CWE121_Stack_Based_Buffer_Overflow__CWE193_wchar_t_alloca_loop_53a_good,0,0,0,519,0,0,0,9244,535798.0,0,0,15,0
klee-out-57,CWE134_Uncontrolled_Format_String__char_environment_vprintf_66a_bad,0,0,0,531,0,0,0,9466,524841.0,0,0,16,1
klee-out-58,CWE134_Uncontrolled_Format_String__char_environment_vprintf_66a_good,0,0,0,531,0,0,0,9466,534812.0,0,0,16,0
klee-out-59,CWE121_Stack_Based_Buffer_Overflow__CWE805_char_declare_memmove_18_bad,0,0,0,522,0,0,0,9313,507602.0,0,0,12,1
klee-out-6,CWE190_Integer_Overflow__int_max_postinc_42_bad,0,0,0,520,0,0,0,9274,886591.0,0,0,13,1
klee-out-60,CWE121_Stack_Based_Buffer_Overflow__CWE805_char_declare_memmove_18_good,0,0,0,522,0,0,0,9313,562089.0,0,0,13,0
klee-out-61,CWE197_Numeric_Truncation_Error__int_fscanf_to_char_68a_bad,0,0,0,519,0,0,0,9225,506053.0,0,0,16,1
klee-out-62,CWE197_Numeric_Truncation_Error__int_fscanf_to_char_68a_good,0,0,0,519,0,0,0,9225,535832.0,0,0,16,0
klee-out-63,CWE121_Stack_Based_Buffer_Overflow__src_char_declare_cat_41_bad,0,0,0,521,0,0,0,9292,495373.0,0,0,12,1
klee-out-64,CWE121_Stack_Based_Buffer_Overflow__src_char_declare_cat_41_good,0,0,0,521,0,0,0,9292,505886.0,0,0,13,0
klee-out-65,CWE401_Memory_Leak__twoIntsStruct_calloc_08_bad,0,0,0,532,0,0,0,9362,547445.0,0,0,14,1
klee-out-66,CWE401_Memory_Leak__twoIntsStruct_calloc_08_good,0,0,0,532,0,0,0,9362,663555.0,0,0,14,0
klee-out-67,CWE191_Integer_Underflow__int_rand_multiply_68a_bad,0,0,0,521,0,0,0,9278,646329.0,0,0,16,1
klee-out-68,CWE191_Integer_Underflow__int_rand_multiply_68a_good,0,0,0,521,0,0,0,9278,488637.0,0,0,16,0
klee-out-69,CWE121_Stack_Based_Buffer_Overflow__CWE805_char_alloca_ncpy_66a_bad,0,0,0,519,0,0,0,9248,517311.0,0,0,15,1
klee-out-7,CWE190_Integer_Overflow__int_max_postinc_42_good,0,0,0,520,0,0,0,9274,930036.0,0,0,13,0
klee-out-70,CWE121_Stack_Based_Buffer_Overflow__CWE805_char_alloca_ncpy_66a_good,0,0,0,519,0,0,0,9248,566510.0,0,0,15,0
klee-out-71,CWE121_Stack_Based_Buffer_Overflow__CWE193_char_declare_memcpy_68a_bad,0,0,0,519,0,0,0,9234,544516.0,0,0,15,1
klee-out-72,CWE121_Stack_Based_Buffer_Overflow__CWE193_char_declare_memcpy_68a_good,0,0,0,519,0,0,0,9234,500059.0,0,0,15,0
klee-out-73,CWE121_Stack_Based_Buffer_Overflow__CWE805_char_declare_memmove_10_bad,0,0,0,525,0,0,0,9348,572918.0,0,0,12,1
klee-out-74,CWE121_Stack_Based_Buffer_Overflow__CWE805_char_declare_memmove_10_good,0,0,0,525,0,0,0,9348,502676.0,0,0,13,0
klee-out-75,CWE369_Divide_by_Zero__int_fgets_modulo_07_bad,0,0,0,586,0,0,0,10154,586776.0,0,0,15,1
klee-out-76,CWE369_Divide_by_Zero__int_fgets_modulo_07_good,0,0,0,586,0,0,0,10154,556001.0,0,0,15,0
klee-out-77,CWE134_Uncontrolled_Format_String__wchar_t_console_vprintf_64a_bad,0,0,0,556,0,0,0,9844,518240.0,0,0,19,1
klee-out-78,CWE134_Uncontrolled_Format_String__wchar_t_console_vprintf_64a_good,0,0,0,556,0,0,0,9844,565513.0,0,0,17,0
klee-out-79,CWE690_NULL_Deref_From_Return__wchar_t_malloc_64a_bad,0,0,0,519,0,0,0,9226,603498.0,0,0,16,1
klee-out-8,CWE191_Integer_Underflow__int_rand_postdec_65a_bad,0,0,0,521,0,0,0,9284,947413.0,0,0,16,1
klee-out-80,CWE690_NULL_Deref_From_Return__wchar_t_malloc_64a_good,0,0,0,519,0,0,0,9226,508012.0,0,0,16,0
klee-out-81,CWE122_Heap_Based_Buffer_Overflow__c_CWE129_fscanf_41_bad,0,0,0,532,0,0,0,9405,535077.0,0,0,14,1
klee-out-82,CWE122_Heap_Based_Buffer_Overflow__c_CWE129_fscanf_41_good,0,0,0,532,0,0,0,9405,611107.0,0,0,14,0
klee-out-83,CWE369_Divide_by_Zero__float_zero_14_bad,0,0,0,531,0,0,0,9333,529415.0,0,0,13,1
klee-out-84,CWE369_Divide_by_Zero__float_zero_14_good,0,0,0,531,0,0,0,9333,481478.0,0,0,13,0
klee-out-85,CWE127_Buffer_Underread__malloc_char_memmove_07_bad,0,0,0,528,0,0,0,9370,581261.0,0,0,13,1
klee-out-86,CWE127_Buffer_Underread__malloc_char_memmove_07_good,0,0,0,528,0,0,0,9370,502896.0,0,0,14,0
klee-out-87,CWE122_Heap_Based_Buffer_Overflow__c_CWE805_int64_t_loop_03_bad,0,0,0,525,0,0,0,9325,582998.0,0,0,13,1
klee-out-88,CWE122_Heap_Based_Buffer_Overflow__c_CWE805_int64_t_loop_03_good,0,0,0,525,0,0,0,9325,533487.0,0,0,14,0
klee-out-89,CWE127_Buffer_Underread__wchar_t_declare_cpy_34_bad,0,0,0,521,0,0,0,9317,535119.0,0,0,12,1
klee-out-9,CWE191_Integer_Underflow__int_rand_postdec_65a_good,0,0,0,521,0,0,0,9284,905591.0,0,0,16,0
klee-out-90,CWE127_Buffer_Underread__wchar_t_declare_cpy_34_good,0,0,0,521,0,0,0,9317,550633.0,0,0,13,0
klee-out-91,CWE690_NULL_Deref_From_Return__struct_realloc_01_bad,0,0,0,520,0,0,0,9258,553545.0,0,0,14,1
klee-out-92,CWE690_NULL_Deref_From_Return__struct_realloc_01_good,0,0,0,520,0,0,0,9258,504529.0,0,0,14,0
klee-out-93,CWE191_Integer_Underflow__char_min_predec_42_bad,0,0,0,520,0,0,0,9275,518970.0,0,0,13,1
klee-out-94,CWE191_Integer_Underflow__char_min_predec_42_good,0,0,0,520,0,0,0,9275,522076.0,0,0,13,0
klee-out-95,CWE191_Integer_Underflow__unsigned_int_rand_postdec_18_bad,0,0,0,522,0,0,0,9305,472506.0,0,0,13,1
klee-out-96,CWE191_Integer_Underflow__unsigned_int_rand_postdec_18_good,0,0,0,522,0,0,0,9305,529465.0,0,0,13,0
klee-out-97,CWE122_Heap_Based_Buffer_Overflow__c_CWE806_wchar_t_ncpy_67a_bad,0,0,0,522,0,0,0,9280,508636.0,0,0,16,1
klee-out-98,CWE191_Integer_Underflow__char_min_sub_67a_bad,0,0,0,519,0,0,0,9244,1380585.0,0,0,16,1
klee-out-99,CWE191_Integer_Underflow__char_min_sub_67a_good,0,0,0,519,0,0,0,9244,1191987.0,0,0,16,0
